{"cameraMode":{"drawMode":0,"name":"Shaded","section":"Shading Mode"},"sceneLighting":true,"audioPlay":false,"sceneViewState":{"showFog":true,"showMaterialUpdate":false,"showSkybox":true,"showFlares":true,"showImageEffects":true,"showParticleSystems":true},"in2DMode":false,"pivot":{"x":-206.88795471191407,"y":174.73733520507813,"z":0.0044797807931900028},"rotation":{"x":-0.24203026294708253,"y":0.05148973688483238,"z":-0.01286296546459198,"w":-0.9688194394111633},"size":25.254423141479493,"orthographic":false}